{
  "balance_usd": 411.77150000000006,
  "holdings": {
    "BTC": 0.0618276884016834,
    "BANKR": 771130.0337650942
  }
}