{
  "balance_usd": 588.2450000000001,
  "holdings": {
    "BTC": 0.0618276884016834,
    "BANKR": 451315.7894736842
  }
}