{
  "balance_usd": 361.52150000000006,
  "holdings": {
    "BTC": 0.0618276884016834,
    "BANKR": 771130.0337650942
  },
  "scaled_exits": {
    "BTC": 0,
    "BANKR": 0
  }
}