{
  "balance_usd": 761.6608745207075,
  "holdings": {
    "BTC": 0.0618276884016834
  },
  "scaled_exits": {
    "BTC": 0
  }
}